name,GfPrTr,HfPrTr,SPrTr,VPrTr,k0,k1,k2,k3,v1,v2,v3,v4,Tlambda,Tref,dTdP,l1,l2,DtH,Tmax,Tmin,d0,d1,d2,d3,d4,d5
hedenbergite,-2674300,-2837802.5,173.59,6.785,353.31148,-31.06646,20.47911742,-56.3018581,27.96487,0,-1.7457,0.151,,,,,,,,,,,,,,
andradite,-5419000,-5761985.8,316.4,13.167,569.7558,-14.4144,-224.41040802,314.6543781,20.72525,5610,-0.6539136,0.01635,,,,,,,,,,,,,,
ferro-actinolite,-9839000,-10518042.6,685.1,28.26,1321.15758,-89.66454,-217.05844286,323.6159154,28.4,0,-1.5,0,,,,,,,,,,,,,,
grunerite,-8964807,-9623000,725,27.8,1347.83,-93.5691,-202.2848,303.919,28.4,0,-1.5,0,,,,,,,,,,,,,,
ilvaite,-3440000,-3695605.5,291.5,10.016,682.79138,-87.87112,301.8356871,-566.6432624,18.01543,11520,-0.6838,0.0024,,,,,,,,,,,,,,
